USE InventoryManagementSystem

-------- Role
DECLARE 
        @role1 UNIQUEIDENTIFIER,
        @role2 UNIQUEIDENTIFIER
SELECT 
        @role1 = NEWID(),
        @role2 = NEWID()

INSERT INTO [Role](RoleID, [RoleName])
VALUES
	(@role1, N'高級管理員'),
	(@role2, N'一般管理員')

-------- Admin
DECLARE
        @admin1 UNIQUEIDENTIFIER,
        @admin2 UNIQUEIDENTIFIER
SELECT
        @admin1 = NEWID(),
        @admin2 = NEWID()

INSERT INTO [Admin](AdminID, RoleID, Username, HashedPassword, Salt, FullName)
VALUES
	(@admin1, @role1, 'admin1', 0xB45DAEB15DD1E5416B106BC17D8EA1E6D3C1DE8243D7F67879F2EF4FDF4D523527640BCC4FC98AF8E9E477C614D83A5A07A5035A4D00A0898473C7B8B6CF4763, 0xFE14A1459EE0D715F5F5A3B4E036D711C47247EA01464C5930E76CF050E94E5F51196C16596274DC62FA6EA0499B07F38A20B24CB7281CB55899AD9E09F91228, N'管禮源伊'),
	(@admin2, @role2, 'admin2', 0x97AE26019EA74599A656F412EB1DF198038D1B89E53AA4183915FB49EC7A251E63B449FE616276FF3E6D77029F1C8C9F5157BEB25750301307DB908E81D2FA79
, 0xE4205CB4FE24105F9EB1C193429DFC0BACD027C1FB94A0A00D185B0DF563A814ABE7A98B93D52733179C9CCB1E311E7B94769514B5A4D494360321AC045E9FEC, N'管里元二')

-------- User
DECLARE
        @user1 UNIQUEIDENTIFIER,
        @user2 UNIQUEIDENTIFIER
SELECT
        @user1 = NEWID(),
        @user2 = NEWID()

INSERT INTO [User](UserID, Username, HashedPassword, Salt, FullName, Email, PhoneNumber, CreateTime)
VALUES
	(@user1, 'user1', 0xD099B667EE52065FCE9CBB0CF490605EA724F5C3D631A416F0D835924461CE4C6FDA0F7C3192F66131CB6C86C2428E16D17096CD82B78FD0848D03E70AB8D155, 0x4AB4FFD1E969882E3EAA6FFB13EBF4E5EDED3DE43CF42C87E6C43DA6642ECF75C0CA5EFB2D537DEA09BEED1317D73DC99203C314CEF5A05105BC2DAF07ACD27D, N'惠園依', 'user1@mail.com', '0900000001', '2021-06-21 18:04:05.111'),
	(@user2, 'user2', 0x0A17FD492DC6F19ACB6FB219B50326F3CD458D773B98A65FD55C29F62C099122BF3B1D96E806485924404422213FFBD01AF4368233D0A168D1D596025343C1EF, 0x0165F775CD6A5B42F8FAB326BD9B8476ED8FCAEBCA6DAAF64353C160C7EDDE54E5CCDA196B21430D9310EEF86E768B5F9180D74FA2D101E0E46D9D5A60A94543, N'慧芫貳', 'user2@mail.com', '0900000002', '2021-06-23 18:03:05.112')

-------- EquipCategory
DECLARE
        @cate1 UNIQUEIDENTIFIER,
        @cate2 UNIQUEIDENTIFIER,
        @cate3 UNIQUEIDENTIFIER,
        @cate4 UNIQUEIDENTIFIER,
        @cate5 UNIQUEIDENTIFIER,
        @cate6 UNIQUEIDENTIFIER
SELECT
        @cate1 = NEWID(),
        @cate2 = NEWID(),
        @cate3 = NEWID(),
        @cate4 = NEWID(),
        @cate5 = NEWID(),
        @cate6 = NEWID()

INSERT INTO [EquipCategory] (EquipCategoryID, CategoryName)
VALUES
	(@cate1, N'3C'),	--1
	(@cate2, N'文具'),	--2
	(@cate3, N'清潔'),	--3
	(@cate4, N'電器'),	--4
	(@cate5, N'生活'),	--5
	(@cate6, N'運動')	--6

-------- Equipment
DECLARE
        @equip01 UNIQUEIDENTIFIER,
        @equip02 UNIQUEIDENTIFIER,
        @equip03 UNIQUEIDENTIFIER,
        @equip04 UNIQUEIDENTIFIER,
        @equip05 UNIQUEIDENTIFIER,
        @equip06 UNIQUEIDENTIFIER,
        @equip07 UNIQUEIDENTIFIER,
        @equip08 UNIQUEIDENTIFIER,
        @equip09 UNIQUEIDENTIFIER,
        @equip10 UNIQUEIDENTIFIER,
        @equip11 UNIQUEIDENTIFIER,
        @equip12 UNIQUEIDENTIFIER,
        @equip13 UNIQUEIDENTIFIER,
        @equip14 UNIQUEIDENTIFIER,
        @equip15 UNIQUEIDENTIFIER,
        @equip16 UNIQUEIDENTIFIER,
        @equip17 UNIQUEIDENTIFIER,
        @equip18 UNIQUEIDENTIFIER,
        @equip19 UNIQUEIDENTIFIER,
        @equip20 UNIQUEIDENTIFIER,
        @equip21 UNIQUEIDENTIFIER,
        @equip22 UNIQUEIDENTIFIER
SELECT
        @equip01 = NEWID(),
        @equip02 = NEWID(),
        @equip03 = NEWID(),
        @equip04 = NEWID(),
        @equip05 = NEWID(),
        @equip06 = NEWID(),
        @equip07 = NEWID(),
        @equip08 = NEWID(),
        @equip09 = NEWID(),
        @equip10 = NEWID(),
        @equip11 = NEWID(),
        @equip12 = NEWID(),
        @equip13 = NEWID(),
        @equip14 = NEWID(),
        @equip15 = NEWID(),
        @equip16 = NEWID(),
        @equip17 = NEWID(),
        @equip18 = NEWID(),
        @equip19 = NEWID(),
        @equip20 = NEWID(),
        @equip21 = NEWID(),
        @equip22 = NEWID()

INSERT INTO [Equipment](EquipmentID, EquipmentCategoryID, EquipmentSN, EquipmentName, Brand, Model, UnitPrice)
VALUES
	(@equip01, @cate1, 'SN1', N'滑鼠', N'Brand1', N'Model1', 200),
	(@equip02, @cate1, 'SN2', N'滑鼠', N'Brand1', N'Model2', 300),
	(@equip03, @cate1, 'SN3', N'滑鼠', N'Brand2', N'Model3', 300),
	(@equip04, @cate1, 'SN4', N'充電線', N'Brand3', N'Model4', 300),
	(@equip05, @cate1, 'SN5', N'轉接頭', N'Brand4', N'Model5', 300),
	(@equip06, @cate4, 'SN6', N'立扇', N'Brand1', N'Model6', 1300),
	(@equip07, @cate4, 'SN7', N'工業用電扇', N'Brand3', N'Model7', 300),
	(@equip08, @cate1, 'SN8', N'延長線', N'Brand6', N'Model8', 700),
	(@equip09, @cate2, 'SN9', N'原子筆', N'Brand7', N'Model9', 30),
	(@equip10, @cate2, 'SN10', N'直尺', N'Brand3', N'Model10', 30),
	(@equip11, @cate2, 'SN11', N'圓規', N'Brand7', N'Model11', 60),
	(@equip12, @cate1, 'SN12', N'筆電', N'Brand1', N'Model12', 300),
	(@equip13, @cate6, 'SN13', N'槓片', N'Brand4', N'Model13', 30),
	(@equip14, @cate6, 'SN14', N'槓鈴', N'Brand5', N'Model14', 60),
	(@equip15, @cate6, 'SN15', N'啞鈴', N'Brand8', N'Model15', 20),
	(@equip16, @cate3, 'SN16', N'掃把', N'Brand9', N'Model16', 100),
	(@equip17, @cate3, 'SN17', N'拖把', N'Brand2', N'Model17', 150),
	(@equip18, @cate5, 'SN18', N'鎖頭', N'Brand4', N'Model18', 250),
	(@equip19, @cate5, 'SN19', N'螺絲起子', N'Brand9', N'Model19', 300),
	(@equip20, @cate5, 'SN20', N'六角扳手', N'Brand5', N'Model20', 300),
	(@equip21, @cate5, 'SN21', N'捲尺', N'Brand8', N'Model21', 300),
	(@equip22, @cate5, 'SN22', N'鎚子', N'Brand9', N'Model22', 300)

-------- Condition
INSERT INTO [Condition](ConditionID, ConditionName)
VALUES
	('I', N'入庫'),
	('O', N'出庫'),
	('S', N'報廢'),
	('F', N'損壞'),
	('L', N'遺失'),
        ('P', N'待領'),
        ('D', N'刪除')

-------- Item
DECLARE
        @item01 UNIQUEIDENTIFIER,
        @item02 UNIQUEIDENTIFIER,
        @item03 UNIQUEIDENTIFIER,
        @item04 UNIQUEIDENTIFIER,
        @item05 UNIQUEIDENTIFIER,
        @item06 UNIQUEIDENTIFIER,
        @item07 UNIQUEIDENTIFIER,
        @item08 UNIQUEIDENTIFIER,
        @item09 UNIQUEIDENTIFIER,
        @item10 UNIQUEIDENTIFIER,
        @item11 UNIQUEIDENTIFIER,
        @item12 UNIQUEIDENTIFIER,
        @item13 UNIQUEIDENTIFIER,
        @item14 UNIQUEIDENTIFIER,
        @item15 UNIQUEIDENTIFIER,
        @item16 UNIQUEIDENTIFIER,
        @item17 UNIQUEIDENTIFIER,
        @item18 UNIQUEIDENTIFIER,
        @item19 UNIQUEIDENTIFIER,
        @item20 UNIQUEIDENTIFIER,
        @item21 UNIQUEIDENTIFIER,
        @item22 UNIQUEIDENTIFIER,
        @item23 UNIQUEIDENTIFIER,
        @item24 UNIQUEIDENTIFIER,
        @item25 UNIQUEIDENTIFIER,
        @item26 UNIQUEIDENTIFIER,
        @item27 UNIQUEIDENTIFIER,
        @item28 UNIQUEIDENTIFIER,
        @item29 UNIQUEIDENTIFIER,
        @item30 UNIQUEIDENTIFIER,
        @item31 UNIQUEIDENTIFIER,
        @item32 UNIQUEIDENTIFIER,
        @item33 UNIQUEIDENTIFIER,
        @item34 UNIQUEIDENTIFIER,
        @item35 UNIQUEIDENTIFIER,
        @item36 UNIQUEIDENTIFIER,
        @item37 UNIQUEIDENTIFIER,
        @item38 UNIQUEIDENTIFIER,
        @item39 UNIQUEIDENTIFIER,
        @item40 UNIQUEIDENTIFIER,
        @item41 UNIQUEIDENTIFIER,
        @item42 UNIQUEIDENTIFIER,
        @item43 UNIQUEIDENTIFIER,
        @item44 UNIQUEIDENTIFIER,
        @item45 UNIQUEIDENTIFIER,
        @item46 UNIQUEIDENTIFIER,
        @item47 UNIQUEIDENTIFIER,
        @item48 UNIQUEIDENTIFIER,
        @item49 UNIQUEIDENTIFIER,
        @item50 UNIQUEIDENTIFIER,
        @item51 UNIQUEIDENTIFIER,
        @item52 UNIQUEIDENTIFIER,
        @item53 UNIQUEIDENTIFIER,
        @item54 UNIQUEIDENTIFIER,
        @item55 UNIQUEIDENTIFIER,
        @item56 UNIQUEIDENTIFIER,
        @item57 UNIQUEIDENTIFIER,
        @item58 UNIQUEIDENTIFIER,
        @item59 UNIQUEIDENTIFIER,
        @item60 UNIQUEIDENTIFIER,
        @item61 UNIQUEIDENTIFIER,
        @item62 UNIQUEIDENTIFIER,
        @item63 UNIQUEIDENTIFIER,
        @item64 UNIQUEIDENTIFIER,
        @item65 UNIQUEIDENTIFIER,
        @item66 UNIQUEIDENTIFIER,
        @item67 UNIQUEIDENTIFIER,
        @item68 UNIQUEIDENTIFIER,
        @item69 UNIQUEIDENTIFIER,
        @item70 UNIQUEIDENTIFIER,
        @item71 UNIQUEIDENTIFIER,
        @item72 UNIQUEIDENTIFIER
SELECT
        @item01 = NEWID(),
        @item02 = NEWID(),
        @item03 = NEWID(),
        @item04 = NEWID(),
        @item05 = NEWID(),
        @item06 = NEWID(),
        @item07 = NEWID(),
        @item08 = NEWID(),
        @item09 = NEWID(),
        @item10 = NEWID(),
        @item11 = NEWID(),
        @item12 = NEWID(),
        @item13 = NEWID(),
        @item14 = NEWID(),
        @item15 = NEWID(),
        @item16 = NEWID(),
        @item17 = NEWID(),
        @item18 = NEWID(),
        @item19 = NEWID(),
        @item20 = NEWID(),
        @item21 = NEWID(),
        @item22 = NEWID(),
        @item23 = NEWID(),
        @item24 = NEWID(),
        @item25 = NEWID(),
        @item26 = NEWID(),
        @item27 = NEWID(),
        @item28 = NEWID(),
        @item29 = NEWID(),
        @item30 = NEWID(),
        @item31 = NEWID(),
        @item32 = NEWID(),
        @item33 = NEWID(),
        @item34 = NEWID(),
        @item35 = NEWID(),
        @item36 = NEWID(),
        @item37 = NEWID(),
        @item38 = NEWID(),
        @item39 = NEWID(),
        @item40 = NEWID(),
        @item41 = NEWID(),
        @item42 = NEWID(),
        @item43 = NEWID(),
        @item44 = NEWID(),
        @item45 = NEWID(),
        @item46 = NEWID(),
        @item47 = NEWID(),
        @item48 = NEWID(),
        @item49 = NEWID(),
        @item50 = NEWID(),
        @item51 = NEWID(),
        @item52 = NEWID(),
        @item53 = NEWID(),
        @item54 = NEWID(),
        @item55 = NEWID(),
        @item56 = NEWID(),
        @item57 = NEWID(),
        @item58 = NEWID(),
        @item59 = NEWID(),
        @item60 = NEWID(),
        @item61 = NEWID(),
        @item62 = NEWID(),
        @item63 = NEWID(),
        @item64 = NEWID(),
        @item65 = NEWID(),
        @item66 = NEWID(),
        @item67 = NEWID(),
        @item68 = NEWID(),
        @item69 = NEWID(),
        @item70 = NEWID(),
        @item71 = NEWID(),
        @item72 = NEWID()

INSERT INTO [Item](ItemID, ConditionID, EquipmentID, ItemSN, [Description])
VALUES
	(@item01, 'I', @equip22, 'SN1', N'好鎚子'),
	(@item02, 'I', @equip13, 'SN2', N'好槓片'),
	(@item03, 'I', @equip17, 'SN3', N'好掃把'),
	(@item04, 'I', @equip10, 'SN4', N'好直尺'),
	(@item05, 'I', @equip14, 'SN5', N'好槓鈴'),
	(@item06, 'I', @equip15, 'SN6', N'好啞鈴'),
	(@item07, 'I', @equip06, 'SN7', N'好立扇'),
	(@item08, 'I', @equip15, 'SN8', N'好啞鈴'),
	(@item09, 'I', @equip17, 'SN9', N'好拖把'),
	(@item10, 'I', @equip09, 'SN10', N'好原子筆'),
	(@item11, 'I', @equip19, 'SN11', N'好螺絲起子'),
	(@item12, 'I', @equip20, 'SN12', N'好六角扳手'),
	(@item13, 'I', @equip06, 'SN13', N'好立扇'),
	(@item14, 'I', @equip07, 'SN14', N''),
	(@item15, 'I', @equip17, 'SN15', N'好拖把'),
	(@item16, 'I', @equip16, 'SN16', N''),
	(@item17, 'I', @equip13, 'SN17', N''),
	(@item18, 'I', @equip21, 'SN18', N''),
	(@item19, 'I', @equip17, 'SN19', N'好拖把'),
	(@item20, 'I', @equip15, 'SN20', N'好啞鈴'),
	(@item21, 'I', @equip06, 'SN21', N'好立扇'),
	(@item22, 'I', @equip06, 'SN22', N'好立扇'),
	(@item23, 'I', @equip12, 'SN23', N''),
	(@item24, 'I', @equip11, 'SN24', N''),
	(@item25, 'I', @equip13, 'SN25', N''),
	(@item26, 'I', @equip10, 'SN26', N'好直尺'),
	(@item27, 'I', @equip11, 'SN27', N''),
	(@item28, 'I', @equip12, 'SN28', N''),
	(@item29, 'I', @equip12, 'SN29', N''),
	(@item30, 'I', @equip07, 'SN30', N''),
	(@item31, 'I', @equip17, 'SN31', N'好拖把'),
	(@item32, 'I', @equip22, 'SN32', N''),
	(@item33, 'I', @equip22, 'SN33', N''),
	(@item34, 'I', @equip01, 'SN34', N''),
	(@item35, 'I', @equip10, 'SN35', N'好直尺'),
	(@item36, 'I', @equip16, 'SN36', N''),
	(@item37, 'I', @equip20, 'SN37', N'好六角扳手'),
	(@item38, 'I', @equip01, 'SN38', N''),
	(@item39, 'I', @equip21, 'SN39', N''),
	(@item40, 'I', @equip22, 'SN40', N''),
	(@item41, 'I', @equip06, 'SN41', N'好立扇'),
	(@item42, 'I', @equip17, 'SN42', N'好拖把'),
	(@item43, 'I', @equip17, 'SN43', N'好拖把'),
	(@item44, 'I', @equip17, 'SN44', N'好拖把'),
	(@item45, 'I', @equip17, 'SN45', N'好拖把'),
	(@item46, 'I', @equip21, 'SN46', N''),
	(@item47, 'I', @equip18, 'SN47', N''),
	(@item48, 'I', @equip07, 'SN48', N''),
	(@item49, 'I', @equip07, 'SN49', N''),
	(@item50, 'I', @equip16, 'SN50', N''),
	(@item51, 'I', @equip20, 'SN51', N'好六角扳手'),
	(@item52, 'I', @equip12, 'SN52', N''),
	(@item53, 'I', @equip03, 'SN53', N''),
	(@item54, 'I', @equip16, 'SN54', N''),
	(@item55, 'I', @equip13, 'SN55', N''),
	(@item56, 'I', @equip10, 'SN56', N'好直尺'),
	(@item57, 'I', @equip10, 'SN57', N'好直尺'),
	(@item58, 'I', @equip07, 'SN58', N''),
	(@item59, 'I', @equip03, 'SN59', N''),
	(@item60, 'I', @equip06, 'SN60', N'好立扇'),
	(@item61, 'I', @equip16, 'SN61', N''),
	(@item62, 'I', @equip03, 'SN62', N''),
	(@item63, 'I', @equip04, 'SN63', N''),
	(@item64, 'I', @equip04, 'SN64', N''),
	(@item65, 'I', @equip16, 'SN65', N''),
	(@item66, 'I', @equip04, 'SN66', N''),
	(@item67, 'I', @equip14, 'SN67', N'好槓鈴'),
	(@item68, 'I', @equip21, 'SN68', N''),
	(@item69, 'I', @equip15, 'SN69', N'好啞鈴'),
	(@item70, 'I', @equip16, 'SN70', N''),
	(@item71, 'I', @equip11, 'SN71', N''),
	(@item72, 'I', @equip15, 'SN72', N'好啞鈴')

INSERT INTO [ItemLog](ItemLogID, AdminID, ItemID, ConditionID)
VALUES
	(NEWID(), @admin1, @item01, 'I'), 
	(NEWID(), @admin1, @item02, 'I'), 
	(NEWID(), @admin1, @item03, 'I'), 
	(NEWID(), @admin1, @item04, 'I'), 
	(NEWID(), @admin1, @item05, 'I'), 
	(NEWID(), @admin1, @item06, 'I'), 
	(NEWID(), @admin1, @item07, 'I'), 
	(NEWID(), @admin1, @item08, 'I'), 
	(NEWID(), @admin1, @item09, 'I'), 
	(NEWID(), @admin1, @item10, 'I'), 
	(NEWID(), @admin1, @item11, 'I'), 
	(NEWID(), @admin1, @item12, 'I'), 
	(NEWID(), @admin1, @item13, 'I'), 
	(NEWID(), @admin1, @item14, 'I'), 
	(NEWID(), @admin1, @item15, 'I'), 
	(NEWID(), @admin1, @item16, 'I'), 
	(NEWID(), @admin1, @item17, 'I'), 
	(NEWID(), @admin1, @item18, 'I'), 
	(NEWID(), @admin1, @item19, 'I'), 
	(NEWID(), @admin1, @item20, 'I'), 
	(NEWID(), @admin1, @item21, 'I'), 
	(NEWID(), @admin1, @item22, 'I'), 
	(NEWID(), @admin1, @item23, 'I'), 
	(NEWID(), @admin1, @item24, 'I'), 
	(NEWID(), @admin1, @item25, 'I'), 
	(NEWID(), @admin1, @item26, 'I'), 
	(NEWID(), @admin1, @item27, 'I'), 
	(NEWID(), @admin1, @item28, 'I'), 
	(NEWID(), @admin1, @item29, 'I'), 
	(NEWID(), @admin1, @item30, 'I'), 
	(NEWID(), @admin1, @item31, 'I'), 
	(NEWID(), @admin1, @item32, 'I'), 
	(NEWID(), @admin1, @item33, 'I'), 
	(NEWID(), @admin1, @item34, 'I'), 
	(NEWID(), @admin1, @item35, 'I'), 
	(NEWID(), @admin1, @item36, 'I'), 
	(NEWID(), @admin1, @item37, 'I'), 
	(NEWID(), @admin1, @item38, 'I'), 
	(NEWID(), @admin1, @item39, 'I'), 
	(NEWID(), @admin1, @item40, 'I'), 
	(NEWID(), @admin1, @item41, 'I'), 
	(NEWID(), @admin1, @item42, 'I'), 
	(NEWID(), @admin1, @item43, 'I'), 
	(NEWID(), @admin1, @item44, 'I'), 
	(NEWID(), @admin1, @item45, 'I'), 
	(NEWID(), @admin1, @item46, 'I'), 
	(NEWID(), @admin1, @item47, 'I'), 
	(NEWID(), @admin1, @item48, 'I'), 
	(NEWID(), @admin1, @item49, 'I'), 
	(NEWID(), @admin1, @item50, 'I'), 
	(NEWID(), @admin1, @item51, 'I'), 
	(NEWID(), @admin1, @item52, 'I'), 
	(NEWID(), @admin1, @item53, 'I'), 
	(NEWID(), @admin1, @item54, 'I'), 
	(NEWID(), @admin1, @item55, 'I'), 
	(NEWID(), @admin1, @item56, 'I'), 
	(NEWID(), @admin1, @item57, 'I'), 
	(NEWID(), @admin1, @item58, 'I'), 
	(NEWID(), @admin1, @item59, 'I'), 
	(NEWID(), @admin1, @item60, 'I'), 
	(NEWID(), @admin1, @item61, 'I'), 
	(NEWID(), @admin1, @item62, 'I'), 
	(NEWID(), @admin1, @item63, 'I'), 
	(NEWID(), @admin1, @item64, 'I'), 
	(NEWID(), @admin1, @item65, 'I'), 
	(NEWID(), @admin1, @item66, 'I'), 
	(NEWID(), @admin1, @item67, 'I'), 
	(NEWID(), @admin1, @item68, 'I'), 
	(NEWID(), @admin1, @item69, 'I'), 
	(NEWID(), @admin1, @item70, 'I'), 
	(NEWID(), @admin1, @item71, 'I'), 
	(NEWID(), @admin1, @item72, 'I') 

INSERT INTO [OrderStatus]([OrderStatusID], [StatusName])
VALUES
        ('P', N'處理中'),
        ('A', N'已成立'),
        ('D', N'不成立'),
        ('E', N'已結束'),
        ('C', N'已取消')

INSERT INTO [OrderDetailStatus]([OrderDetailStatusID], [StatusName])
VALUES
        ('P', N'待領取'),
        ('T', N'已領取'),
        ('R', N'已歸還'),
        ('L', N'遺失'),
        ('C', N'取消')
